{
  "pipeline_time_s": 0.08950543403625488,
  "num_selected": 100,
  "reasoning_time_s": 0.03283357620239258
}