{
  "pipeline_time_s": 0.09604740142822266,
  "num_selected": 100,
  "reasoning_time_s": 0.042523860931396484
}